"#","[VAR_NAME]","[VAR_VALUE]"
">","STITCH_COUNT:","976"
">","THREAD_COUNT:","6"
">","NEEDLE_COUNT:","0"
">","EXTENTS_LEFT:","0"
">","EXTENTS_TOP:","0"
">","EXTENTS_RIGHT:","586"
">","EXTENTS_BOTTOM:","639.0"
">","EXTENTS_WIDTH:","586"
">","EXTENTS_HEIGHT:","639.0"
">","COMMAND_COLOR_CHANGE","6"
">","COMMAND_JUMP","15"
">","COMMAND_STITCH","954"
">","COMMAND_END","1"

"#","[STITCH_INDEX]","[STITCH_TYPE]","[X]","[Y]"
"*","0","COLOR_CHANGE","0","0"
"*","1","JUMP","0","0"
"*","2","STITCH","342","491.0"
"*","3","STITCH","453","491.0"
"*","4","STITCH","453","493.0"
"*","5","STITCH","480","493.0"
"*","6","STITCH","342","495.0"
"*","7","STITCH","480","495.0"
"*","8","STITCH","343","497.0"
"*","9","STITCH","482","497.0"
"*","10","STITCH","456","499.0"
"*","11","STITCH","483","499.0"
"*","12","STITCH","475","505.0"
"*","13","STITCH","476","505.0"
"*","14","STITCH","471","507.0"
"*","15","STITCH","479","507.0"
"*","16","STITCH","467","509.0"
"*","17","STITCH","494","509.0"
"*","18","STITCH","464","515.0"
"*","19","STITCH","557","515.0"
"*","20","STITCH","557","519.0"
"*","21","STITCH","558","519.0"
"*","22","STITCH","463","521.0"
"*","23","STITCH","557","521.0"
"*","24","STITCH","463","523.0"
"*","25","STITCH","505","523.0"
"*","26","STITCH","488","525.0"
"*","27","STITCH","557","525.0"
"*","28","STITCH","465","527.0"
"*","29","STITCH","532","527.0"
"*","30","STITCH","465","529.0"
"*","31","STITCH","487","529.0"
"*","32","STITCH","467","531.0"
"*","33","STITCH","556","531.0"
"*","34","STITCH","535","533.0"
"*","35","STITCH","556","533.0"
"*","36","STITCH","534","535.0"
"*","37","STITCH","534","535.0"
"*","38","STITCH","467","537.0"
"*","39","STITCH","556","537.0"
"*","40","STITCH","468","539.0"
"*","41","STITCH","556","539.0"
"*","42","JUMP","556","539.0"
"*","43","STITCH","245","476.0"
"*","44","STITCH","258","476.0"
"*","45","STITCH","240","478.0"
"*","46","STITCH","257","478.0"
"*","47","STITCH","239","480.0"
"*","48","STITCH","253","480.0"
"*","49","STITCH","234","482.0"
"*","50","STITCH","253","482.0"
"*","51","STITCH","230","484.0"
"*","52","STITCH","241","484.0"
"*","53","STITCH","230","486.0"
"*","54","STITCH","232","486.0"
"*","55","STITCH","230","488.0"
"*","56","STITCH","232","488.0"
"*","57","STITCH","230","492.0"
"*","58","STITCH","235","492.0"
"*","59","STITCH","232","494.0"
"*","60","STITCH","235","494.0"
"*","61","COLOR_CHANGE","235","494.0"
"*","62","COLOR_CHANGE","235","494.0"
"*","63","JUMP","235","494.0"
"*","64","STITCH","445","413.0"
"*","65","STITCH","477","413.0"
"*","66","STITCH","380","415.0"
"*","67","STITCH","490","415.0"
"*","68","STITCH","308","417.0"
"*","69","STITCH","490","417.0"
"*","70","STITCH","253","419.0"
"*","71","STITCH","474","419.0"
"*","72","STITCH","253","421.0"
"*","73","STITCH","431","421.0"
"*","74","STITCH","234","423.0"
"*","75","STITCH","381","423.0"
"*","76","STITCH","234","425.0"
"*","77","STITCH","381","425.0"
"*","78","STITCH","245","427.0"
"*","79","STITCH","346","427.0"
"*","80","STITCH","234","429.0"
"*","81","STITCH","326","429.0"
"*","82","STITCH","234","431.0"
"*","83","STITCH","302","431.0"
"*","84","STITCH","254","433.0"
"*","85","STITCH","317","433.0"
"*","86","STITCH","254","435.0"
"*","87","STITCH","316","435.0"
"*","88","STITCH","314","437.0"
"*","89","STITCH","481","437.0"
"*","90","STITCH","318","439.0"
"*","91","STITCH","555","439.0"
"*","92","STITCH","375","441.0"
"*","93","STITCH","555","441.0"
"*","94","STITCH","414","443.0"
"*","95","STITCH","562","443.0"
"*","96","STITCH","364","445.0"
"*","97","STITCH","562","445.0"
"*","98","STITCH","315","447.0"
"*","99","STITCH","555","447.0"
"*","100","STITCH","261","449.0"
"*","101","STITCH","542","449.0"
"*","102","STITCH","260","451.0"
"*","103","STITCH","524","451.0"
"*","104","STITCH","233","453.0"
"*","105","STITCH","569","453.0"
"*","106","STITCH","230","455.0"
"*","107","STITCH","569","455.0"
"*","108","STITCH","230","457.0"
"*","109","STITCH","547","457.0"
"*","110","STITCH","247","459.0"
"*","111","STITCH","521","459.0"
"*","112","STITCH","247","461.0"
"*","113","STITCH","467","461.0"
"*","114","STITCH","230","463.0"
"*","115","STITCH","445","463.0"
"*","116","STITCH","230","465.0"
"*","117","STITCH","445","465.0"
"*","118","STITCH","420","467.0"
"*","119","STITCH","585","467.0"
"*","120","STITCH","234","469.0"
"*","121","STITCH","266","469.0"
"*","122","STITCH","234","473.0"
"*","123","STITCH","585","473.0"
"*","124","STITCH","234","475.0"
"*","125","STITCH","586","475.0"
"*","126","STITCH","260","477.0"
"*","127","STITCH","265","477.0"
"*","128","STITCH","254","479.0"
"*","129","STITCH","586","479.0"
"*","130","STITCH","254","481.0"
"*","131","STITCH","582","481.0"
"*","132","STITCH","244","483.0"
"*","133","STITCH","584","483.0"
"*","134","STITCH","239","485.0"
"*","135","STITCH","243","485.0"
"*","136","STITCH","499","487.0"
"*","137","STITCH","584","487.0"
"*","138","STITCH","239","489.0"
"*","139","STITCH","578","489.0"
"*","140","STITCH","254","491.0"
"*","141","STITCH","579","491.0"
"*","142","STITCH","236","493.0"
"*","143","STITCH","582","493.0"
"*","144","STITCH","230","495.0"
"*","145","STITCH","481","495.0"
"*","146","STITCH","230","497.0"
"*","147","STITCH","582","497.0"
"*","148","STITCH","231","499.0"
"*","149","STITCH","583","499.0"
"*","150","STITCH","230","501.0"
"*","151","STITCH","584","501.0"
"*","152","STITCH","227","503.0"
"*","153","STITCH","480","503.0"
"*","154","STITCH","227","505.0"
"*","155","STITCH","584","505.0"
"*","156","STITCH","227","507.0"
"*","157","STITCH","586","507.0"
"*","158","STITCH","227","509.0"
"*","159","STITCH","495","509.0"
"*","160","STITCH","242","511.0"
"*","161","STITCH","586","511.0"
"*","162","STITCH","228","513.0"
"*","163","STITCH","559","513.0"
"*","164","STITCH","227","515.0"
"*","165","STITCH","580","515.0"
"*","166","STITCH","574","517.0"
"*","167","STITCH","580","517.0"
"*","168","STITCH","227","519.0"
"*","169","STITCH","574","519.0"
"*","170","STITCH","288","521.0"
"*","171","STITCH","569","521.0"
"*","172","STITCH","228","523.0"
"*","173","STITCH","560","523.0"
"*","174","STITCH","404","525.0"
"*","175","STITCH","559","525.0"
"*","176","STITCH","405","527.0"
"*","177","STITCH","462","527.0"
"*","178","STITCH","463","529.0"
"*","179","STITCH","464","529.0"
"*","180","STITCH","228","531.0"
"*","181","STITCH","464","531.0"
"*","182","STITCH","228","533.0"
"*","183","STITCH","464","533.0"
"*","184","STITCH","228","535.0"
"*","185","STITCH","464","535.0"
"*","186","STITCH","303","537.0"
"*","187","STITCH","425","537.0"
"*","188","STITCH","268","539.0"
"*","189","STITCH","403","539.0"
"*","190","STITCH","228","541.0"
"*","191","STITCH","266","541.0"
"*","192","STITCH","354","549.0"
"*","193","STITCH","385","549.0"
"*","194","STITCH","228","551.0"
"*","195","STITCH","354","551.0"
"*","196","STITCH","285","553.0"
"*","197","STITCH","315","553.0"
"*","198","STITCH","263","555.0"
"*","199","STITCH","307","555.0"
"*","200","STITCH","248","557.0"
"*","201","STITCH","302","557.0"
"*","202","STITCH","228","559.0"
"*","203","STITCH","465","559.0"
"*","204","STITCH","228","561.0"
"*","205","STITCH","465","561.0"
"*","206","STITCH","405","563.0"
"*","207","STITCH","465","563.0"
"*","208","STITCH","288","565.0"
"*","209","STITCH","465","565.0"
"*","210","STITCH","228","567.0"
"*","211","STITCH","405","567.0"
"*","212","STITCH","228","569.0"
"*","213","STITCH","405","569.0"
"*","214","STITCH","229","571.0"
"*","215","STITCH","315","571.0"
"*","216","STITCH","229","573.0"
"*","217","STITCH","285","573.0"
"*","218","STITCH","240","575.0"
"*","219","STITCH","285","575.0"
"*","220","STITCH","230","577.0"
"*","221","STITCH","271","577.0"
"*","222","STITCH","231","579.0"
"*","223","STITCH","271","579.0"
"*","224","STITCH","233","581.0"
"*","225","STITCH","415","581.0"
"*","226","STITCH","233","583.0"
"*","227","STITCH","525","583.0"
"*","228","STITCH","235","585.0"
"*","229","STITCH","525","585.0"
"*","230","STITCH","240","587.0"
"*","231","STITCH","456","587.0"
"*","232","STITCH","241","589.0"
"*","233","STITCH","525","589.0"
"*","234","STITCH","240","591.0"
"*","235","STITCH","525","591.0"
"*","236","STITCH","240","593.0"
"*","237","STITCH","519","593.0"
"*","238","STITCH","297","595.0"
"*","239","STITCH","519","595.0"
"*","240","STITCH","245","597.0"
"*","241","STITCH","500","597.0"
"*","242","STITCH","246","599.0"
"*","243","STITCH","500","599.0"
"*","244","STITCH","439","601.0"
"*","245","STITCH","500","601.0"
"*","246","STITCH","252","603.0"
"*","247","STITCH","500","603.0"
"*","248","STITCH","252","605.0"
"*","249","STITCH","436","605.0"
"*","250","STITCH","304","607.0"
"*","251","STITCH","416","607.0"
"*","252","STITCH","284","609.0"
"*","253","STITCH","303","609.0"
"*","254","STITCH","258","611.0"
"*","255","STITCH","416","611.0"
"*","256","STITCH","258","613.0"
"*","257","STITCH","375","613.0"
"*","258","STITCH","264","615.0"
"*","259","STITCH","346","615.0"
"*","260","STITCH","269","617.0"
"*","261","STITCH","314","617.0"
"*","262","STITCH","269","619.0"
"*","263","STITCH","313","619.0"
"*","264","STITCH","274","621.0"
"*","265","STITCH","314","621.0"
"*","266","STITCH","280","623.0"
"*","267","STITCH","314","623.0"
"*","268","STITCH","277","625.0"
"*","269","STITCH","311","625.0"
"*","270","STITCH","277","627.0"
"*","271","STITCH","286","627.0"
"*","272","STITCH","278","629.0"
"*","273","STITCH","317","629.0"
"*","274","STITCH","278","631.0"
"*","275","STITCH","317","631.0"
"*","276","STITCH","287","633.0"
"*","277","STITCH","317","633.0"
"*","278","STITCH","300","635.0"
"*","279","STITCH","317","635.0"
"*","280","STITCH","295","637.0"
"*","281","STITCH","311","637.0"
"*","282","STITCH","295","639.0"
"*","283","STITCH","311","639.0"
"*","284","JUMP","311","639.0"
"*","285","STITCH","343","210.0"
"*","286","STITCH","355","210.0"
"*","287","STITCH","355","212.0"
"*","288","STITCH","359","212.0"
"*","289","STITCH","342","214.0"
"*","290","STITCH","359","214.0"
"*","291","STITCH","354","218.0"
"*","292","STITCH","356","218.0"
"*","293","JUMP","356","218.0"
"*","294","STITCH","219","182.0"
"*","295","STITCH","222","182.0"
"*","296","STITCH","217","184.0"
"*","297","STITCH","225","184.0"
"*","298","STITCH","213","186.0"
"*","299","STITCH","225","186.0"
"*","300","STITCH","205","188.0"
"*","301","STITCH","222","188.0"
"*","302","STITCH","203","190.0"
"*","303","STITCH","219","190.0"
"*","304","STITCH","197","192.0"
"*","305","STITCH","213","192.0"
"*","306","STITCH","192","194.0"
"*","307","STITCH","210","194.0"
"*","308","STITCH","187","196.0"
"*","309","STITCH","204","196.0"
"*","310","STITCH","182","198.0"
"*","311","STITCH","200","198.0"
"*","312","STITCH","182","200.0"
"*","313","STITCH","195","200.0"
"*","314","STITCH","177","202.0"
"*","315","STITCH","187","202.0"
"*","316","STITCH","173","204.0"
"*","317","STITCH","187","204.0"
"*","318","STITCH","173","206.0"
"*","319","STITCH","179","206.0"
"*","320","STITCH","174","208.0"
"*","321","STITCH","195","208.0"
"*","322","STITCH","174","210.0"
"*","323","STITCH","195","210.0"
"*","324","STITCH","179","212.0"
"*","325","STITCH","192","212.0"
"*","326","STITCH","177","214.0"
"*","327","STITCH","202","214.0"
"*","328","STITCH","177","216.0"
"*","329","STITCH","212","216.0"
"*","330","STITCH","177","218.0"
"*","331","STITCH","212","218.0"
"*","332","STITCH","177","220.0"
"*","333","STITCH","204","220.0"
"*","334","STITCH","180","222.0"
"*","335","STITCH","201","222.0"
"*","336","STITCH","177","224.0"
"*","337","STITCH","201","224.0"
"*","338","STITCH","177","226.0"
"*","339","STITCH","186","226.0"
"*","340","STITCH","182","228.0"
"*","341","STITCH","221","228.0"
"*","342","STITCH","182","230.0"
"*","343","STITCH","221","230.0"
"*","344","STITCH","189","232.0"
"*","345","STITCH","251","232.0"
"*","346","STITCH","167","234.0"
"*","347","STITCH","251","234.0"
"*","348","STITCH","148","236.0"
"*","349","STITCH","230","236.0"
"*","350","STITCH","142","238.0"
"*","351","STITCH","210","238.0"
"*","352","STITCH","175","240.0"
"*","353","STITCH","192","240.0"
"*","354","STITCH","142","242.0"
"*","355","STITCH","175","242.0"
"*","356","STITCH","140","244.0"
"*","357","STITCH","204","244.0"
"*","358","STITCH","140","246.0"
"*","359","STITCH","225","246.0"
"*","360","STITCH","140","248.0"
"*","361","STITCH","226","248.0"
"*","362","STITCH","140","250.0"
"*","363","STITCH","226","250.0"
"*","364","STITCH","143","252.0"
"*","365","STITCH","221","252.0"
"*","366","STITCH","140","254.0"
"*","367","STITCH","221","254.0"
"*","368","STITCH","140","256.0"
"*","369","STITCH","304","256.0"
"*","370","STITCH","140","258.0"
"*","371","STITCH","308","258.0"
"*","372","STITCH","140","260.0"
"*","373","STITCH","308","260.0"
"*","374","STITCH","142","262.0"
"*","375","STITCH","307","262.0"
"*","376","STITCH","308","264.0"
"*","377","STITCH","441","264.0"
"*","378","STITCH","142","266.0"
"*","379","STITCH","442","266.0"
"*","380","STITCH","142","268.0"
"*","381","STITCH","442","268.0"
"*","382","STITCH","368","272.0"
"*","383","STITCH","442","272.0"
"*","384","STITCH","142","274.0"
"*","385","STITCH","442","274.0"
"*","386","STITCH","142","276.0"
"*","387","STITCH","441","276.0"
"*","388","STITCH","367","278.0"
"*","389","STITCH","441","278.0"
"*","390","STITCH","142","280.0"
"*","391","STITCH","366","280.0"
"*","392","STITCH","143","282.0"
"*","393","STITCH","400","282.0"
"*","394","STITCH","335","284.0"
"*","395","STITCH","400","284.0"
"*","396","STITCH","335","286.0"
"*","397","STITCH","400","286.0"
"*","398","STITCH","143","288.0"
"*","399","STITCH","400","288.0"
"*","400","STITCH","183","290.0"
"*","401","STITCH","345","290.0"
"*","402","STITCH","212","292.0"
"*","403","STITCH","394","292.0"
"*","404","STITCH","150","294.0"
"*","405","STITCH","393","294.0"
"*","406","STITCH","334","296.0"
"*","407","STITCH","394","296.0"
"*","408","STITCH","150","298.0"
"*","409","STITCH","394","298.0"
"*","410","STITCH","158","300.0"
"*","411","STITCH","334","300.0"
"*","412","STITCH","150","302.0"
"*","413","STITCH","294","302.0"
"*","414","STITCH","150","306.0"
"*","415","STITCH","312","306.0"
"*","416","STITCH","153","308.0"
"*","417","STITCH","371","308.0"
"*","418","STITCH","153","310.0"
"*","419","STITCH","371","310.0"
"*","420","STITCH","157","312.0"
"*","421","STITCH","425","312.0"
"*","422","STITCH","421","316.0"
"*","423","STITCH","425","316.0"
"*","424","STITCH","157","318.0"
"*","425","STITCH","226","318.0"
"*","426","STITCH","227","320.0"
"*","427","STITCH","421","320.0"
"*","428","STITCH","160","322.0"
"*","429","STITCH","390","322.0"
"*","430","STITCH","162","324.0"
"*","431","STITCH","390","324.0"
"*","432","STITCH","162","326.0"
"*","433","STITCH","354","326.0"
"*","434","STITCH","165","328.0"
"*","435","STITCH","344","328.0"
"*","436","STITCH","165","332.0"
"*","437","STITCH","385","332.0"
"*","438","STITCH","166","334.0"
"*","439","STITCH","389","334.0"
"*","440","STITCH","169","336.0"
"*","441","STITCH","225","336.0"
"*","442","STITCH","169","338.0"
"*","443","STITCH","171","338.0"
"*","444","STITCH","172","340.0"
"*","445","STITCH","389","340.0"
"*","446","STITCH","203","342.0"
"*","447","STITCH","361","342.0"
"*","448","STITCH","175","344.0"
"*","449","STITCH","412","344.0"
"*","450","STITCH","175","346.0"
"*","451","STITCH","411","346.0"
"*","452","STITCH","194","348.0"
"*","453","STITCH","411","348.0"
"*","454","STITCH","194","350.0"
"*","455","STITCH","409","350.0"
"*","456","STITCH","193","352.0"
"*","457","STITCH","421","352.0"
"*","458","STITCH","193","354.0"
"*","459","STITCH","194","354.0"
"*","460","STITCH","194","356.0"
"*","461","STITCH","421","356.0"
"*","462","STITCH","198","358.0"
"*","463","STITCH","405","358.0"
"*","464","STITCH","357","360.0"
"*","465","STITCH","374","360.0"
"*","466","STITCH","356","362.0"
"*","467","STITCH","356","362.0"
"*","468","STITCH","357","364.0"
"*","469","STITCH","434","364.0"
"*","470","STITCH","198","366.0"
"*","471","STITCH","265","366.0"
"*","472","STITCH","210","368.0"
"*","473","STITCH","434","368.0"
"*","474","STITCH","210","370.0"
"*","475","STITCH","409","370.0"
"*","476","STITCH","215","372.0"
"*","477","STITCH","360","372.0"
"*","478","STITCH","216","374.0"
"*","479","STITCH","355","374.0"
"*","480","STITCH","215","376.0"
"*","481","STITCH","339","376.0"
"*","482","STITCH","215","378.0"
"*","483","STITCH","335","378.0"
"*","484","STITCH","247","380.0"
"*","485","STITCH","335","380.0"
"*","486","STITCH","215","382.0"
"*","487","STITCH","330","382.0"
"*","488","STITCH","214","384.0"
"*","489","STITCH","330","384.0"
"*","490","STITCH","310","386.0"
"*","491","STITCH","319","386.0"
"*","492","STITCH","303","388.0"
"*","493","STITCH","310","388.0"
"*","494","STITCH","214","390.0"
"*","495","STITCH","302","390.0"
"*","496","STITCH","265","392.0"
"*","497","STITCH","299","392.0"
"*","498","STITCH","234","394.0"
"*","499","STITCH","293","394.0"
"*","500","STITCH","214","396.0"
"*","501","STITCH","289","396.0"
"*","502","STITCH","214","398.0"
"*","503","STITCH","255","398.0"
"*","504","STITCH","215","402.0"
"*","505","STITCH","225","402.0"
"*","506","STITCH","216","404.0"
"*","507","STITCH","255","404.0"
"*","508","STITCH","215","406.0"
"*","509","STITCH","261","406.0"
"*","510","STITCH","215","408.0"
"*","511","STITCH","222","408.0"
"*","512","STITCH","223","410.0"
"*","513","STITCH","261","410.0"
"*","514","STITCH","223","414.0"
"*","515","STITCH","250","414.0"
"*","516","JUMP","250","414.0"
"*","517","STITCH","379","180.0"
"*","518","STITCH","409","180.0"
"*","519","STITCH","409","182.0"
"*","520","STITCH","411","182.0"
"*","521","STITCH","378","184.0"
"*","522","STITCH","428","184.0"
"*","523","STITCH","418","186.0"
"*","524","STITCH","429","186.0"
"*","525","STITCH","378","190.0"
"*","526","STITCH","430","190.0"
"*","527","STITCH","382","192.0"
"*","528","STITCH","430","192.0"
"*","529","STITCH","382","194.0"
"*","530","STITCH","420","194.0"
"*","531","STITCH","400","196.0"
"*","532","STITCH","420","196.0"
"*","533","STITCH","393","198.0"
"*","534","STITCH","422","198.0"
"*","535","STITCH","382","200.0"
"*","536","STITCH","422","200.0"
"*","537","STITCH","382","202.0"
"*","538","STITCH","411","202.0"
"*","539","STITCH","382","204.0"
"*","540","STITCH","457","204.0"
"*","541","STITCH","382","206.0"
"*","542","STITCH","457","206.0"
"*","543","STITCH","400","208.0"
"*","544","STITCH","448","208.0"
"*","545","STITCH","387","210.0"
"*","546","STITCH","437","210.0"
"*","547","STITCH","387","212.0"
"*","548","STITCH","435","212.0"
"*","549","STITCH","390","214.0"
"*","550","STITCH","455","214.0"
"*","551","STITCH","393","216.0"
"*","552","STITCH","455","216.0"
"*","553","STITCH","371","218.0"
"*","554","STITCH","461","218.0"
"*","555","STITCH","371","220.0"
"*","556","STITCH","461","220.0"
"*","557","STITCH","370","222.0"
"*","558","STITCH","462","222.0"
"*","559","STITCH","370","226.0"
"*","560","STITCH","396","226.0"
"*","561","STITCH","398","228.0"
"*","562","STITCH","462","228.0"
"*","563","STITCH","375","230.0"
"*","564","STITCH","460","230.0"
"*","565","STITCH","459","232.0"
"*","566","STITCH","461","232.0"
"*","567","STITCH","375","234.0"
"*","568","STITCH","461","234.0"
"*","569","STITCH","385","236.0"
"*","570","STITCH","450","236.0"
"*","571","STITCH","374","238.0"
"*","572","STITCH","466","238.0"
"*","573","STITCH","374","240.0"
"*","574","STITCH","465","240.0"
"*","575","STITCH","374","242.0"
"*","576","STITCH","465","242.0"
"*","577","STITCH","374","244.0"
"*","578","STITCH","462","244.0"
"*","579","STITCH","375","246.0"
"*","580","STITCH","440","246.0"
"*","581","STITCH","374","248.0"
"*","582","STITCH","422","248.0"
"*","583","STITCH","348","250.0"
"*","584","STITCH","394","250.0"
"*","585","STITCH","331","252.0"
"*","586","STITCH","394","252.0"
"*","587","STITCH","331","254.0"
"*","588","STITCH","393","254.0"
"*","589","STITCH","331","256.0"
"*","590","STITCH","394","256.0"
"*","591","STITCH","332","258.0"
"*","592","STITCH","381","258.0"
"*","593","STITCH","345","260.0"
"*","594","STITCH","374","260.0"
"*","595","JUMP","374","260.0"
"*","596","STITCH","192","53.0"
"*","597","STITCH","199","53.0"
"*","598","STITCH","187","55.0"
"*","599","STITCH","199","55.0"
"*","600","STITCH","178","57.0"
"*","601","STITCH","199","57.0"
"*","602","STITCH","169","59.0"
"*","603","STITCH","178","59.0"
"*","604","STITCH","169","61.0"
"*","605","STITCH","199","61.0"
"*","606","STITCH","158","63.0"
"*","607","STITCH","196","63.0"
"*","608","STITCH","153","65.0"
"*","609","STITCH","196","65.0"
"*","610","STITCH","149","67.0"
"*","611","STITCH","192","67.0"
"*","612","STITCH","147","69.0"
"*","613","STITCH","181","69.0"
"*","614","STITCH","169","71.0"
"*","615","STITCH","172","71.0"
"*","616","STITCH","167","73.0"
"*","617","STITCH","167","73.0"
"*","618","STITCH","147","75.0"
"*","619","STITCH","169","75.0"
"*","620","STITCH","137","77.0"
"*","621","STITCH","169","77.0"
"*","622","STITCH","137","79.0"
"*","623","STITCH","168","79.0"
"*","624","STITCH","144","81.0"
"*","625","STITCH","169","81.0"
"*","626","STITCH","135","83.0"
"*","627","STITCH","160","83.0"
"*","628","STITCH","134","85.0"
"*","629","STITCH","160","85.0"
"*","630","STITCH","130","87.0"
"*","631","STITCH","157","87.0"
"*","632","STITCH","130","89.0"
"*","633","STITCH","157","89.0"
"*","634","STITCH","133","91.0"
"*","635","STITCH","154","91.0"
"*","636","STITCH","129","93.0"
"*","637","STITCH","157","93.0"
"*","638","STITCH","128","95.0"
"*","639","STITCH","157","95.0"
"*","640","STITCH","144","97.0"
"*","641","STITCH","150","97.0"
"*","642","STITCH","126","99.0"
"*","643","STITCH","281","99.0"
"*","644","STITCH","125","105.0"
"*","645","STITCH","128","105.0"
"*","646","STITCH","257","109.0"
"*","647","STITCH","281","109.0"
"*","648","STITCH","128","111.0"
"*","649","STITCH","256","111.0"
"*","650","STITCH","144","113.0"
"*","651","STITCH","240","113.0"
"*","652","STITCH","128","115.0"
"*","653","STITCH","207","115.0"
"*","654","STITCH","128","117.0"
"*","655","STITCH","325","117.0"
"*","656","STITCH","128","119.0"
"*","657","STITCH","387","119.0"
"*","658","STITCH","128","121.0"
"*","659","STITCH","387","121.0"
"*","660","STITCH","162","123.0"
"*","661","STITCH","355","123.0"
"*","662","STITCH","128","125.0"
"*","663","STITCH","387","125.0"
"*","664","STITCH","354","127.0"
"*","665","STITCH","387","127.0"
"*","666","STITCH","297","129.0"
"*","667","STITCH","354","129.0"
"*","668","STITCH","128","131.0"
"*","669","STITCH","296","131.0"
"*","670","STITCH","160","133.0"
"*","671","STITCH","217","133.0"
"*","672","STITCH","152","135.0"
"*","673","STITCH","217","135.0"
"*","674","STITCH","190","137.0"
"*","675","STITCH","204","137.0"
"*","676","STITCH","152","139.0"
"*","677","STITCH","190","139.0"
"*","678","STITCH","163","141.0"
"*","679","STITCH","182","141.0"
"*","680","STITCH","155","143.0"
"*","681","STITCH","171","143.0"
"*","682","STITCH","150","145.0"
"*","683","STITCH","180","145.0"
"*","684","STITCH","180","147.0"
"*","685","STITCH","209","147.0"
"*","686","STITCH","195","149.0"
"*","687","STITCH","209","149.0"
"*","688","STITCH","150","151.0"
"*","689","STITCH","194","151.0"
"*","690","STITCH","148","153.0"
"*","691","STITCH","209","153.0"
"*","692","STITCH","210","155.0"
"*","693","STITCH","386","155.0"
"*","694","STITCH","148","157.0"
"*","695","STITCH","386","157.0"
"*","696","STITCH","148","159.0"
"*","697","STITCH","386","159.0"
"*","698","STITCH","328","161.0"
"*","699","STITCH","386","161.0"
"*","700","STITCH","281","165.0"
"*","701","STITCH","326","165.0"
"*","702","STITCH","148","167.0"
"*","703","STITCH","330","167.0"
"*","704","STITCH","148","169.0"
"*","705","STITCH","405","169.0"
"*","706","STITCH","148","171.0"
"*","707","STITCH","149","171.0"
"*","708","STITCH","341","175.0"
"*","709","STITCH","405","175.0"
"*","710","STITCH","150","177.0"
"*","711","STITCH","341","177.0"
"*","712","STITCH","152","179.0"
"*","713","STITCH","312","179.0"
"*","714","STITCH","152","181.0"
"*","715","STITCH","252","181.0"
"*","716","STITCH","157","183.0"
"*","717","STITCH","300","183.0"
"*","718","STITCH","157","185.0"
"*","719","STITCH","302","185.0"
"*","720","STITCH","149","187.0"
"*","721","STITCH","245","187.0"
"*","722","STITCH","144","189.0"
"*","723","STITCH","302","189.0"
"*","724","STITCH","143","191.0"
"*","725","STITCH","295","191.0"
"*","726","STITCH","143","193.0"
"*","727","STITCH","300","193.0"
"*","728","STITCH","145","195.0"
"*","729","STITCH","307","195.0"
"*","730","STITCH","143","197.0"
"*","731","STITCH","307","197.0"
"*","732","STITCH","142","199.0"
"*","733","STITCH","310","199.0"
"*","734","STITCH","142","201.0"
"*","735","STITCH","310","201.0"
"*","736","STITCH","144","203.0"
"*","737","STITCH","322","203.0"
"*","738","STITCH","144","205.0"
"*","739","STITCH","339","205.0"
"*","740","STITCH","142","207.0"
"*","741","STITCH","149","207.0"
"*","742","STITCH","142","209.0"
"*","743","STITCH","339","209.0"
"*","744","STITCH","142","211.0"
"*","745","STITCH","333","211.0"
"*","746","STITCH","140","213.0"
"*","747","STITCH","327","213.0"
"*","748","STITCH","142","217.0"
"*","749","STITCH","327","217.0"
"*","750","STITCH","142","219.0"
"*","751","STITCH","320","219.0"
"*","752","STITCH","273","221.0"
"*","753","STITCH","309","221.0"
"*","754","STITCH","272","223.0"
"*","755","STITCH","326","223.0"
"*","756","STITCH","323","225.0"
"*","757","STITCH","327","225.0"
"*","758","STITCH","272","227.0"
"*","759","STITCH","323","227.0"
"*","760","COLOR_CHANGE","323","227.0"
"*","761","JUMP","323","227.0"
"*","762","STITCH","343","492.0"
"*","763","STITCH","452","492.0"
"*","764","STITCH","453","494.0"
"*","765","STITCH","480","494.0"
"*","766","STITCH","343","496.0"
"*","767","STITCH","480","496.0"
"*","768","STITCH","457","498.0"
"*","769","STITCH","481","498.0"
"*","770","STITCH","479","500.0"
"*","771","STITCH","482","500.0"
"*","772","STITCH","479","502.0"
"*","773","STITCH","479","502.0"
"*","774","STITCH","468","508.0"
"*","775","STITCH","494","508.0"
"*","776","STITCH","468","514.0"
"*","777","STITCH","492","514.0"
"*","778","STITCH","464","516.0"
"*","779","STITCH","556","516.0"
"*","780","STITCH","464","520.0"
"*","781","STITCH","557","520.0"
"*","782","STITCH","505","522.0"
"*","783","STITCH","505","522.0"
"*","784","STITCH","488","524.0"
"*","785","STITCH","556","524.0"
"*","786","STITCH","465","526.0"
"*","787","STITCH","557","526.0"
"*","788","STITCH","465","528.0"
"*","789","STITCH","532","528.0"
"*","790","STITCH","467","530.0"
"*","791","STITCH","556","530.0"
"*","792","STITCH","534","534.0"
"*","793","STITCH","556","534.0"
"*","794","STITCH","466","536.0"
"*","795","STITCH","556","536.0"
"*","796","STITCH","468","538.0"
"*","797","STITCH","556","538.0"
"*","798","JUMP","556","538.0"
"*","799","STITCH","245","476.0"
"*","800","STITCH","258","476.0"
"*","801","STITCH","240","478.0"
"*","802","STITCH","258","478.0"
"*","803","STITCH","234","480.0"
"*","804","STITCH","252","480.0"
"*","805","STITCH","234","482.0"
"*","806","STITCH","248","482.0"
"*","807","STITCH","230","484.0"
"*","808","STITCH","241","484.0"
"*","809","STITCH","230","486.0"
"*","810","STITCH","238","486.0"
"*","811","STITCH","230","488.0"
"*","812","STITCH","235","488.0"
"*","813","STITCH","233","490.0"
"*","814","STITCH","253","490.0"
"*","815","STITCH","230","492.0"
"*","816","STITCH","252","492.0"
"*","817","STITCH","231","494.0"
"*","818","STITCH","235","494.0"
"*","819","COLOR_CHANGE","235","494.0"
"*","820","JUMP","235","494.0"
"*","821","STITCH","282","617.0"
"*","822","STITCH","290","617.0"
"*","823","STITCH","283","619.0"
"*","824","STITCH","290","619.0"
"*","825","STITCH","285","621.0"
"*","826","STITCH","289","621.0"
"*","827","STITCH","283","623.0"
"*","828","STITCH","289","623.0"
"*","829","STITCH","283","625.0"
"*","830","STITCH","299","625.0"
"*","831","STITCH","287","627.0"
"*","832","STITCH","299","627.0"
"*","833","JUMP","299","627.0"
"*","834","STITCH","397","393.0"
"*","835","STITCH","439","393.0"
"*","836","STITCH","389","397.0"
"*","837","STITCH","439","397.0"
"*","838","STITCH","385","399.0"
"*","839","STITCH","432","399.0"
"*","840","STITCH","421","401.0"
"*","841","STITCH","421","401.0"
"*","842","STITCH","422","403.0"
"*","843","STITCH","434","403.0"
"*","844","STITCH","385","405.0"
"*","845","STITCH","386","405.0"
"*","846","STITCH","382","407.0"
"*","847","STITCH","434","407.0"
"*","848","STITCH","380","409.0"
"*","849","STITCH","432","409.0"
"*","850","STITCH","380","411.0"
"*","851","STITCH","419","411.0"
"*","852","STITCH","397","413.0"
"*","853","STITCH","442","413.0"
"*","854","STITCH","380","415.0"
"*","855","STITCH","442","415.0"
"*","856","JUMP","442","415.0"
"*","857","STITCH","145","290.0"
"*","858","STITCH","180","290.0"
"*","859","STITCH","150","292.0"
"*","860","STITCH","179","292.0"
"*","861","STITCH","145","294.0"
"*","862","STITCH","149","294.0"
"*","863","JUMP","149","294.0"
"*","864","STITCH","335","210.0"
"*","865","STITCH","340","210.0"
"*","866","STITCH","334","212.0"
"*","867","STITCH","335","212.0"
"*","868","STITCH","340","214.0"
"*","869","STITCH","370","214.0"
"*","870","STITCH","334","216.0"
"*","871","STITCH","353","216.0"
"*","872","STITCH","343","218.0"
"*","873","STITCH","356","218.0"
"*","874","STITCH","369","220.0"
"*","875","STITCH","370","220.0"
"*","876","STITCH","329","222.0"
"*","877","STITCH","369","222.0"
"*","878","STITCH","329","224.0"
"*","879","STITCH","367","224.0"
"*","880","STITCH","324","226.0"
"*","881","STITCH","357","226.0"
"*","882","STITCH","314","228.0"
"*","883","STITCH","349","228.0"
"*","884","STITCH","312","230.0"
"*","885","STITCH","349","230.0"
"*","886","STITCH","339","232.0"
"*","887","STITCH","357","232.0"
"*","888","STITCH","308","234.0"
"*","889","STITCH","312","234.0"
"*","890","STITCH","308","236.0"
"*","891","STITCH","357","236.0"
"*","892","STITCH","307","238.0"
"*","893","STITCH","344","238.0"
"*","894","STITCH","334","240.0"
"*","895","STITCH","344","240.0"
"*","896","STITCH","307","242.0"
"*","897","STITCH","371","242.0"
"*","898","STITCH","309","244.0"
"*","899","STITCH","373","244.0"
"*","900","STITCH","309","246.0"
"*","901","STITCH","321","246.0"
"*","902","STITCH","319","250.0"
"*","903","STITCH","373","250.0"
"*","904","STITCH","314","252.0"
"*","905","STITCH","346","252.0"
"*","906","STITCH","307","254.0"
"*","907","STITCH","330","254.0"
"*","908","STITCH","307","258.0"
"*","909","STITCH","342","258.0"
"*","910","STITCH","309","260.0"
"*","911","STITCH","357","260.0"
"*","912","STITCH","310","262.0"
"*","913","STITCH","357","262.0"
"*","914","COLOR_CHANGE","357","262.0"
"*","915","JUMP","357","262.0"
"*","916","STITCH","342","491.0"
"*","917","STITCH","453","491.0"
"*","918","STITCH","453","493.0"
"*","919","STITCH","480","493.0"
"*","920","STITCH","342","495.0"
"*","921","STITCH","480","495.0"
"*","922","STITCH","343","497.0"
"*","923","STITCH","482","497.0"
"*","924","STITCH","456","499.0"
"*","925","STITCH","483","499.0"
"*","926","STITCH","475","505.0"
"*","927","STITCH","476","505.0"
"*","928","STITCH","471","507.0"
"*","929","STITCH","479","507.0"
"*","930","STITCH","467","509.0"
"*","931","STITCH","494","509.0"
"*","932","STITCH","464","515.0"
"*","933","STITCH","557","515.0"
"*","934","STITCH","557","519.0"
"*","935","STITCH","558","519.0"
"*","936","STITCH","463","521.0"
"*","937","STITCH","557","521.0"
"*","938","STITCH","463","523.0"
"*","939","STITCH","505","523.0"
"*","940","STITCH","466","525.0"
"*","941","STITCH","557","525.0"
"*","942","STITCH","465","527.0"
"*","943","STITCH","532","527.0"
"*","944","STITCH","465","529.0"
"*","945","STITCH","487","529.0"
"*","946","STITCH","466","531.0"
"*","947","STITCH","556","531.0"
"*","948","STITCH","535","533.0"
"*","949","STITCH","556","533.0"
"*","950","STITCH","534","535.0"
"*","951","STITCH","556","535.0"
"*","952","STITCH","468","539.0"
"*","953","STITCH","556","539.0"
"*","954","JUMP","556","539.0"
"*","955","STITCH","245","476.0"
"*","956","STITCH","258","476.0"
"*","957","STITCH","240","478.0"
"*","958","STITCH","258","478.0"
"*","959","STITCH","234","480.0"
"*","960","STITCH","253","480.0"
"*","961","STITCH","234","482.0"
"*","962","STITCH","253","482.0"
"*","963","STITCH","230","484.0"
"*","964","STITCH","241","484.0"
"*","965","STITCH","230","486.0"
"*","966","STITCH","238","486.0"
"*","967","STITCH","230","488.0"
"*","968","STITCH","235","488.0"
"*","969","STITCH","233","490.0"
"*","970","STITCH","253","490.0"
"*","971","STITCH","230","492.0"
"*","972","STITCH","253","492.0"
"*","973","STITCH","230","494.0"
"*","974","STITCH","235","494.0"
"*","975","END","235","494.0"
